scaling,impl,dataset,n,dim,k,threads,iters,repeats,median_s,min_s,stddev_s,per_iter_ms,speedup,efficiency,karp_flatt
strong,seq,blobs,1000000,2,8,1,50,5,1.52972818,1.52341637,0.00335552223,30.5945635,,,
strong,omp,blobs,1000000,2,8,1,50,5,1.53130159,1.51692014,0.00771779752,30.6260319,0.998972,0.998972,
strong,omp,blobs,1000000,2,8,2,50,5,0.779636335,0.769985401,0.0107065695,15.5927267,1.9621,0.981052,0.0193136
strong,omp,blobs,1000000,2,8,4,50,5,0.436973341,0.429264518,0.00972628722,8.73946682,3.50074,0.875184,0.047539
strong,omp,blobs,1000000,2,8,8,50,5,0.334256186,0.326061609,0.00420052976,6.68512372,4.57651,0.572064,0.106865
strong,omp,blobs,1000000,2,8,16,50,5,0.200951461,0.19950195,0.00480774768,4.01902922,7.61243,0.475777,0.0734551
strong,omp,blobs,1000000,2,8,20,50,5,0.203438159,0.195829272,0.00933075316,4.06876318,7.51938,0.375969,0.0873576
strong,seq,blobs,10000000,2,8,1,50,5,15.4732748,15.4451229,0.0518017826,309.465495,,,
strong,omp,blobs,10000000,2,8,1,50,5,15.5300748,15.3719615,0.156971928,310.601495,0.996343,0.996343,
strong,omp,blobs,10000000,2,8,2,50,5,8.25264229,8.09903533,0.151433212,165.052846,1.87495,0.937474,0.0666963
strong,omp,blobs,10000000,2,8,4,50,5,4.76062084,4.72088747,0.0219681336,95.2124168,3.25026,0.812566,0.0768897
strong,omp,blobs,10000000,2,8,8,50,5,3.30418484,3.2501147,0.0365704469,66.0836969,4.68293,0.585367,0.10119
strong,omp,blobs,10000000,2,8,16,50,5,2.08174375,2.04245306,0.0194816862,41.6348751,7.43284,0.464553,0.0768406
strong,omp,blobs,10000000,2,8,20,50,5,1.99227428,1.97923691,0.014686044,39.8454857,7.76664,0.388332,0.0829009
